ScientistName,preparation,date,components,login,password
Ампипогов Михаил Юрьевич,Иммунивит,1664-02-17,Chemical_100 Chemical_6 Chemical_44,Ампипогов_МЮ,D2jBa1JHP3
Тюлюлюева Анна Яковлевна,Нитросорбид,1827-09-25,Chemical_18 Chemical_69 Chemical_93,Тюлюлюева_АЯ,C1JcmFh0bf
Неветруева Елена Эдуардовна,Гидрохлоротиазид,0902-11-21,Chemical_15 Chemical_82 Chemical_21,Неветруева_ЕЭ,8cg6GYcnBi
Курочкин Руслан Аркадиевич,Золедроновая кислота,1389-01-05,Chemical_44 Chemical_62 Chemical_73,Курочкин_РА,eseOJr9bmS
Рутковский Антон Кириллович,Бактрим,1327-01-22,Chemical_19 Chemical_27 Chemical_68,Рутковский_АК,Cw7MXq6Pbb
Шабунов Юрий Алексиевич,Парацетамол,0970-10-22,Chemical_41 Chemical_31 Chemical_39,Шабунов_ЮА,soKH2HoIWb
Кожетев Максим Аркадиевич,Алпразолам,1743-04-03,Chemical_26 Chemical_76 Chemical_16,Кожетев_МА,vSigFNR4uR
Хусаинов Антон Алексеевич,Росувастатин,0949-06-08,Chemical_89 Chemical_77 Chemical_35,Хусаинов_АА,klmesvkD8R
Вендеров Никита Тимофеевич,Витамин С,1119-02-24,Chemical_43 Chemical_97 Chemical_3,Вендеров_НТ,Th2ptOUCAK
Дергунская Яна Эдуардовна,Колчицин,1909-04-19,Chemical_70 Chemical_7 Chemical_23,Дергунская_ЯЭ,a3TK1IvSnJ
Заботнов Анатолий Максимович,Тианептин,1454-04-22,Chemical_75 Chemical_98 Chemical_63,Заботнов_АМ,WWTMRV6lYk
Рубинов Руслан Иванович,Рамиприл,1276-02-24,Chemical_38 Chemical_46 Chemical_16,Рубинов_РИ,fmT4V3f5HA
Крючатов Ярослав Антонович,Миртазапин,1734-03-17,Chemical_51 Chemical_64 Chemical_70,Крючатов_ЯА,1kmjRX3K8v
Жебракова Полина Игоревна,Бисопролол,1886-02-19,Chemical_87 Chemical_27 Chemical_19,Жебракова_ПИ,uvyytI7CXU
Данивецкая Виолетта Эдуардовна,Золедроновая кислота,1451-11-13,Chemical_37 Chemical_65 Chemical_92,Данивецкая_ВЭ,7DjGosv3bC
Мятлев Георгий Денисович,Азитромицин,1987-08-26,Chemical_16 Chemical_14 Chemical_48,Мятлев_ГД,1S3V01cyOT
Нетунаев Руслан Петрович,Клопидогрел,1969-06-01,Chemical_99 Chemical_87 Chemical_25,Нетунаев_РП,jCs7JIBDLT
Аранышев Иван Юрьевич,Тианептин,1035-08-27,Chemical_56 Chemical_60 Chemical_53,Аранышев_ИЮ,Eoj5y97KeF
Курмелев Леонид Николаевич,Спазмалгон,1543-08-10,Chemical_44 Chemical_43 Chemical_15,Курмелев_ЛН,3m8O2ifNzP
Арончикова Вероника Викторовна,Живина,2000-01-25,Chemical_22 Chemical_91 Chemical_60,Арончикова_ВВ,0CHLuo64UC
Гизулина Галина Ивановна,Омепразол,1875-10-22,Chemical_9 Chemical_3 Chemical_59,Гизулина_ГИ,cO5lLfd9V1
Мразевский Артём Викторович,Диклофенак,1450-12-12,Chemical_98 Chemical_9 Chemical_50,Мразевский_АВ,mm244f9ikM
Окладнова Алена Максимовна,Агонал,1765-03-28,Chemical_26 Chemical_32 Chemical_27,Окладнова_АМ,RWJjtBLU8t
Курыпина Анастасия Валерьевна,Золекс,1663-06-14,Chemical_1 Chemical_94 Chemical_63,Курыпина_АВ,Sip4Zibseu
Алтамонов Борис Аркадиевич,Оланзапин,1215-11-17,Chemical_57 Chemical_81 Chemical_21,Алтамонов_БА,QuivVgWwK8
Бардаева Анна Михайловна,Пароксетин,1368-03-04,Chemical_20 Chemical_65 Chemical_42,Бардаева_АМ,00l1kxru6L
Родных Игорь Михаилович,Валидол,1123-03-07,Chemical_77 Chemical_45 Chemical_100,Родных_ИМ,s8iSut1PEL
Маговский Константин Юриевич,Ацетилсалициловая кислота,1315-08-02,Chemical_73 Chemical_92 Chemical_9,Маговский_КЮ,YBrsV0OMKL
Гергиев Олег Кириллович,Омепразол,1333-04-12,Chemical_6 Chemical_93 Chemical_45,Гергиев_ОК,NBOVrCTl7S
Русалина Дарья Алексеевна,Ибупрофен,1390-11-03,Chemical_26 Chemical_30 Chemical_82,Русалина_ДА,12IRkugngb
Бухтулова Виктория Алексеевна,Бромгексин,1408-11-08,Chemical_72 Chemical_8 Chemical_45,Бухтулова_ВА,mmDgA5HyEE
Сабаткоев Федор Викторович,Нимесулид,1531-01-04,Chemical_55 Chemical_67 Chemical_74,Сабаткоев_ФВ,gf6lVZLIg2
Шмитов Никита Игоревич,Левофлоксацин,1817-07-04,Chemical_41 Chemical_81 Chemical_61,Шмитов_НИ,UPTC6WRcxZ
Стенцова Лиза Петровна,Диклофенак,1261-11-17,Chemical_65 Chemical_13 Chemical_29,Стенцова_ЛП,SIH2NAqiOr
Ярычевский Максим Евгеньевич,Глюкозамин,1106-01-17,Chemical_34 Chemical_86 Chemical_88,Ярычевский_МЕ,Klqic65HOV
Шкваркин Федор Юрьевич,Тианептин,0929-07-27,Chemical_67 Chemical_56 Chemical_43,Шкваркин_ФЮ,txCJ5inyd5
Магусумова Ирина Олеговна,Дикарбазин,0991-07-16,Chemical_51 Chemical_15 Chemical_2,Магусумова_ИО,jsFV4aAEGM
Шаморкина Галина Федоровна,Кладрибин,1633-08-02,Chemical_61 Chemical_62 Chemical_48,Шаморкина_ГФ,ddb3TgaRyN
Цицеров Альберт Антонович,Небиволол,1820-01-05,Chemical_6 Chemical_48 Chemical_7,Цицеров_АА,Q1ulrr9z0O
Улерьянова Ксения Евгеньевна,Диклофенак,1523-11-17,Chemical_1 Chemical_14 Chemical_96,Улерьянова_КЕ,kOGv3i69FY
Ханмурзина Карина Игоревна,Енап,1309-08-18,Chemical_21 Chemical_1 Chemical_34,Ханмурзина_КИ,hMlwaSq4ln
Гарская Евгения Никитична,Пилипен,1983-11-20,Chemical_2 Chemical_15 Chemical_11,Гарская_ЕН,G2xmES7nMW
Гнетнев Григорий Денисович,Евалар солгар мультивитамини,1074-07-16,Chemical_12 Chemical_69 Chemical_99,Гнетнев_ГД,C7ONXmkuXZ
Бельцов Алексей Яковлевич,Ретардин,2011-04-09,Chemical_2 Chemical_23 Chemical_92,Бельцов_АЯ,ZKxw1aJlqw
Федурин Владимир Алексеевич,Амитриптилин,0982-10-20,Chemical_5 Chemical_75 Chemical_78,Федурин_ВА,mBXuJ216sU
Акацков Анатолий Кириллович,Бетаин,1567-02-19,Chemical_73 Chemical_17 Chemical_48,Акацков_АК,gxs8teoswL
Кумакова Жанна Борисовна,Лоразепам,1605-07-21,Chemical_70 Chemical_36 Chemical_6,Кумакова_ЖБ,RG1T1HWqWc
Кобызева Ольга Андреевна,Лантус,1198-01-23,Chemical_25 Chemical_64 Chemical_89,Кобызева_ОА,N1A0lkZMYc
Кимятов Владимир Евгеньевич,Дектанол,1854-12-15,Chemical_43 Chemical_98 Chemical_34,Кимятов_ВЕ,miHwSlqn47
Милавина Виолетта Аркадьевна,Росувастатин,1215-12-04,Chemical_40 Chemical_57 Chemical_47,Милавина_ВА,8wU71nRKWl
Манетов Павел Павлович,Бисакодил,0969-07-05,Chemical_11 Chemical_13 Chemical_51,Манетов_ПП,ei08PI7fSS
Сайдакова Людмила Вадимовна,Мелоксикам,1620-02-12,Chemical_3 Chemical_23 Chemical_56,Сайдакова_ЛВ,e3sqVZsTsi
Туржанский Семён Антонович,Уоллтапс,1042-06-13,Chemical_18 Chemical_78 Chemical_92,Туржанский_СА,PHPIkWP37w
Цыпушкина Елена Андреевна,Енап,1837-04-20,Chemical_77 Chemical_69 Chemical_1,Цыпушкина_ЕА,jbmHmoat9s
Лунарева Ксения Алексеевна,Ранитидин,1382-08-04,Chemical_10 Chemical_97 Chemical_88,Лунарева_КА,WHznEB7GOO
Ивлюшин Георгий Николаевич,Амоксициллин,1202-01-01,Chemical_85 Chemical_54 Chemical_72,Ивлюшин_ГН,XLba6IMkoF
Гудашов Юрий Алексиевич,Ибупрофен,1736-03-19,Chemical_7 Chemical_9 Chemical_40,Гудашов_ЮА,1jJwnDyroJ
Чачкин Владислав Денисович,Небиволол,1474-01-02,Chemical_85 Chemical_98 Chemical_94,Чачкин_ВД,ZvFrtT6xDK
Тайдаков Виталий Романович,Габапентин,1154-10-13,Chemical_10 Chemical_61 Chemical_4,Тайдаков_ВР,I6Ts92WpiB
Бояршинов Алексей Адамович,Ингавирин,1907-06-08,Chemical_32 Chemical_35 Chemical_22,Бояршинов_АА,BI7WPoajzr
Докшукина Оксана Петровна,Пилипен,1491-03-01,Chemical_93 Chemical_32 Chemical_8,Докшукина_ОП,Mt5uHGRZLd
Бганцева Клавдия Егоровна,Левофлоксацин,1306-02-15,Chemical_18 Chemical_16 Chemical_12,Бганцева_КЕ,ZYVYqHl0UI
Чубокова Виолетта Валерьевна,Бактрим,1103-03-12,Chemical_6 Chemical_72 Chemical_15,Чубокова_ВВ,a2dbFfzmPG
Голощапов Станислав Яковлевич,Азитромицин,1419-08-05,Chemical_17 Chemical_73 Chemical_39,Голощапов_СЯ,m96hw7LL4p
Лукьянцев Эдуард Евгеньевич,Оксикодон,1320-05-12,Chemical_40 Chemical_66 Chemical_81,Лукьянцев_ЭЕ,LiqcCkAX28
Мазаркина Инна Сергеевна,Урсофальк,1174-11-25,Chemical_96 Chemical_27 Chemical_81,Мазаркина_ИС,Ng9FX9fYkn
Иманалин Борис Кириллович,Сульфасалазин,1684-08-28,Chemical_53 Chemical_71 Chemical_80,Иманалин_БК,Rsoge80zgL
Поканкина Марина Михайловна,Глюкозамин,1008-12-26,Chemical_2 Chemical_85 Chemical_55,Поканкина_ММ,YmhuO8FinL
Такинова Жанна Эдуардовна,Тикалиптин,1257-06-04,Chemical_2 Chemical_60 Chemical_35,Такинова_ЖЭ,JT4zd005Nm
Клецкина Виктория Яковлевна,Ёжик,1800-08-04,Chemical_32 Chemical_18 Chemical_21,Клецкина_ВЯ,R6dX4o7Exw
Космынин Константин Павлович,Мидокалм,1380-09-07,Chemical_63 Chemical_19 Chemical_25,Космынин_КП,4zDOxTKMhj
Курцапов Виктор Иванович,Витамин С,1104-12-05,Chemical_11 Chemical_22 Chemical_63,Курцапов_ВИ,CMDEV72ae6
Шарафанова Виктория Егоровна,Протоник,1004-04-20,Chemical_9 Chemical_97 Chemical_88,Шарафанова_ВЕ,90iOEXkZ0S
Лушаков Руслан Василиевич,Омепразол,1128-03-25,Chemical_12 Chemical_17 Chemical_62,Лушаков_РВ,ao6tLdn9Wo
Балченкова Оксана Вадимовна,Ранитидин,1438-04-13,Chemical_9 Chemical_16 Chemical_4,Балченкова_ОВ,09klb8OJQK
Комаровцев Михаил Максимович,Оксикодон,1424-12-02,Chemical_6 Chemical_45 Chemical_21,Комаровцев_ММ,xlcrzqpYb3
Машурцева Алена Кирилловна,Левотироксин,1548-02-02,Chemical_42 Chemical_6 Chemical_92,Машурцева_АК,zqHsS8se9x
Алшибекова Вероника Леонидовна,Преднизолон,1231-04-18,Chemical_64 Chemical_29 Chemical_68,Алшибекова_ВЛ,F6mPqwB2Zl
Карликов Федор Викторович,Ацетилсалициловая кислота,1340-05-22,Chemical_56 Chemical_36 Chemical_38,Карликов_ФВ,yxk8nEFyuN
Махначев Павел Максимович,Урсофальк,0903-09-18,Chemical_33 Chemical_5 Chemical_47,Махначев_ПМ,GLtgFkPa31
Мухоткин Валентин Кириллович,Пилипен,1051-12-04,Chemical_41 Chemical_17 Chemical_15,Мухоткин_ВК,E1HR9sAaj7
Ведмедова Раиса Дмитриевна,Бетаин,1312-08-23,Chemical_78 Chemical_84 Chemical_23,Ведмедова_РД,Czg8ywwTOt
Отовина Любовь Игоревна,Индометацин,1600-11-20,Chemical_44 Chemical_90 Chemical_85,Отовина_ЛИ,Duk0iGWzuU
Алавердиев Степан Олегович,Росувастатин,1710-06-20,Chemical_8 Chemical_73 Chemical_53,Алавердиев_СО,RMXz17TmU1
Хотькова Виктория Игоревна,Сертралин,1015-01-18,Chemical_77 Chemical_22 Chemical_2,Хотькова_ВИ,f4AiEWVMOL
Болхова Яна Никитична,Валидол,1988-08-09,Chemical_27 Chemical_66 Chemical_94,Болхова_ЯН,aH3RzspMqt
Савыкин Геннадий Георгиевич,Тианептин,1002-05-22,Chemical_46 Chemical_14 Chemical_72,Савыкин_ГГ,uhVGte8QWH
Бобова Марина Вадимовна,Виагра,1968-03-15,Chemical_33 Chemical_16 Chemical_31,Бобова_МВ,u7NtrPHQL1
Будрецова Клавдия Вадимовна,Сертралин,1664-01-24,Chemical_61 Chemical_38 Chemical_92,Будрецова_КВ,FZEWyCI306
Мятов Алексей Юриевич,Рамиприл,1425-08-18,Chemical_72 Chemical_56 Chemical_10,Мятов_АЮ,4cdSy3BsrE
Кувецкая Валерия Леонидовна,Гидрохлоротиазид,1422-08-22,Chemical_17 Chemical_69 Chemical_59,Кувецкая_ВЛ,zPCrD2llho
Буралкина Екатерина Аркадьевна,Омега-3 кислоты,1873-05-13,Chemical_72 Chemical_28 Chemical_90,Буралкина_ЕА,l63bWPclVe
Хихеткин Артур Евгеньевич,Азитромицин,1705-12-14,Chemical_39 Chemical_80 Chemical_63,Хихеткин_АЕ,UmuXnZF2Tz
Майоркин Николай Фёдорович,Бисакодил,1587-07-04,Chemical_8 Chemical_2 Chemical_54,Майоркин_НФ,IAVJ4I44kt
Кудисов Леонид Фёдорович,Триптаны,1862-02-05,Chemical_14 Chemical_99 Chemical_4,Кудисов_ЛФ,lkSccam6xb
Калмыков Эдуард Георгиевич,Лоразепам,1256-01-24,Chemical_59 Chemical_99 Chemical_20,Калмыков_ЭГ,t2hqKBTC2I
Бетова Наталья Василевна,Дектанол,1422-04-20,Chemical_38 Chemical_61 Chemical_89,Бетова_НВ,lryHs3nIyH
Искуснова Алла Максимовна,Золедроновая кислота,1269-06-24,Chemical_80 Chemical_10 Chemical_51,Искуснова_АМ,nsHS7rahXC
Ващугина Надежда Петровна,Метформин,1166-02-10,Chemical_11 Chemical_45 Chemical_38,Ващугина_НП,LLnrjd1LnX
Каинкова Виктория Валерьевна,Амлодипин,1718-05-07,Chemical_3 Chemical_98 Chemical_89,Каинкова_ВВ,kCPy5ZuO14
Заиров Кирилл Максимович,Пропанолол,1288-01-06,Chemical_27 Chemical_70 Chemical_95,Заиров_КМ,033RMSskTu
Хайзникова Дарья Сергеевна,Пилипен,1987-10-10,Chemical_97 Chemical_82 Chemical_99,Хайзникова_ДС,Fm76cUSkOY
Литвинцов Степан Яковлевич,Ниссан,1343-04-25,Chemical_57 Chemical_33 Chemical_36,Литвинцов_СЯ,PrO2qmHfbO
Кушаев Геннадий Игоревич,Диклофенак,1001-05-07,Chemical_16 Chemical_48 Chemical_94,Кушаев_ГИ,T2VB9ogQtq
Шинякова Светлана Егоровна,Зинорам,1157-11-16,Chemical_26 Chemical_5 Chemical_8,Шинякова_СЕ,DdVXX5GMv3
Федулин Альберт Иванович,Амоксиклав,1063-06-15,Chemical_78 Chemical_30 Chemical_55,Федулин_АИ,ctAhiu6jwR
Одноценова Мария Василевна,Бактрим,1426-04-13,Chemical_14 Chemical_19 Chemical_45,Одноценова_МВ,RCuWKgp12M
Любарцев Борис Викторович,Амитриптилин,1655-01-24,Chemical_81 Chemical_12 Chemical_93,Любарцев_БВ,ODtcnrz6fG
Османова Екатерина Егоровна,Миртазапин,1509-03-03,Chemical_96 Chemical_72 Chemical_69,Османова_ЕЕ,IL4KdDiXtQ
Потрягина Кристина Романовна,Пропанолол,1060-03-02,Chemical_58 Chemical_14 Chemical_83,Потрягина_КР,VSZeV56Hak
Балуев Семён Антонович,Норматен,1662-11-07,Chemical_95 Chemical_58 Chemical_71,Балуев_СА,L9x9oPj7mN
Екимовский Владислав Фёдорович,Венолайфт,0926-06-22,Chemical_59 Chemical_56 Chemical_77,Екимовский_ВФ,cBeJ45ApH7
Шпанина Маргарита Максимовна,Пентоксифиллин,1432-09-20,Chemical_12 Chemical_22 Chemical_37,Шпанина_ММ,aH8SmH7aCy
Пошнагова Юлия Кирилловна,Железа препараты,1815-11-04,Chemical_61 Chemical_38 Chemical_2,Пошнагова_ЮК,9Q7L8leUn9
Кудинкова Ирина Михайловна,Кандесартан,1580-12-23,Chemical_90 Chemical_100 Chemical_60,Кудинкова_ИМ,GI6c5C0wUL
Водоморина Софья Яковлевна,Метопролол,1599-06-03,Chemical_33 Chemical_79 Chemical_68,Водоморина_СЯ,F1I4vBuytj
Липезина Анна Алексеевна,Тианептин,1244-04-02,Chemical_17 Chemical_84 Chemical_70,Липезина_АА,71L0iuYxZr
Илалов Тарас Яковлевич,Допамин,1025-05-04,Chemical_51 Chemical_21 Chemical_67,Илалов_ТЯ,jARJq1oyI8
Лакушова Тамара Ивановна,Бетаин,1016-09-01,Chemical_91 Chemical_90 Chemical_42,Лакушова_ТИ,XRb1fL7lv5
Ярмизина Алиса Богдановна,Живина,1120-09-19,Chemical_11 Chemical_15 Chemical_69,Ярмизина_АБ,IW6zJvhBBS
Зулков Станислав Антонович,Валацикловир,1630-11-10,Chemical_7 Chemical_61 Chemical_87,Зулков_СА,ve6nGVzFWH
Кочурин Евгений Данилович,Транексамовая кислота,1574-01-11,Chemical_97 Chemical_25 Chemical_5,Кочурин_ЕД,62RlGIiZK8
Череватова Вероника Вадимовна,Кандесартан,0998-12-19,Chemical_39 Chemical_85 Chemical_90,Череватова_ВВ,A71WK0jqBe
Курьянская Любовь Федоровна,Железа препараты,1432-03-23,Chemical_31 Chemical_72 Chemical_15,Курьянская_ЛФ,Wqe0ihhsQb
Бачалдина Яна Максимовна,Урсофальк,1492-06-18,Chemical_16 Chemical_96 Chemical_33,Бачалдина_ЯМ,mOdGau8gMZ
Наруцкая Катерина Андреевна,Венолайфт,0951-01-04,Chemical_84 Chemical_47 Chemical_3,Наруцкая_КА,BzQIfYpP3Z
Набилкова Софья Борисовна,Дексаметазон,1625-08-25,Chemical_6 Chemical_96 Chemical_4,Набилкова_СБ,BhHSqjsP6T
Меркулов Андрей Аркадиевич,Мелоксикам,1905-09-07,Chemical_46 Chemical_74 Chemical_56,Меркулов_АА,8HljBRksJH
Скитский Вадим Викторович,Лоразепам,1725-10-11,Chemical_14 Chemical_81 Chemical_84,Скитский_ВВ,G0pcQYCf1d
Шаульская Надежда Максимовна,Дектанол,1077-04-05,Chemical_27 Chemical_31 Chemical_39,Шаульская_НМ,uuMAsyCq7V
Распевин Константин Валериевич,Гидрохлоротиазид,1634-09-05,Chemical_31 Chemical_94 Chemical_68,Распевин_КВ,Tp74cY8Uhm
Агешкин Александр Романович,Бетаметазон,1403-04-27,Chemical_97 Chemical_18 Chemical_58,Агешкин_АР,7Bz9u07lOI
Хайдина Маргарита Алексеевна,Бромгексин,1448-08-07,Chemical_71 Chemical_18 Chemical_99,Хайдина_МА,5VZeQpvv5B
Духиева Алла Никитична,Гидрохлоротиазид,1163-04-13,Chemical_64 Chemical_11 Chemical_44,Духиева_АН,SbS4HACVUI
Щуринова Ольга Вадимовна,Валацикловир,1171-09-14,Chemical_1 Chemical_26 Chemical_84,Щуринова_ОВ,9dYipefiuB
Кеплина Наталия Борисовна,Витамин С,1811-03-23,Chemical_49 Chemical_75 Chemical_27,Кеплина_НБ,Zh96GrDRXu
Шелмаков Георгий Николаевич,Золаир,1188-05-12,Chemical_93 Chemical_31 Chemical_58,Шелмаков_ГН,VjMQEQjbhn
Лошадина Екатерина Евгеньевна,Жасмин,1783-12-14,Chemical_11 Chemical_44 Chemical_39,Лошадина_ЕЕ,dLRD5V0cHL
Ароматова Анастасия Максимовна,Железа препараты,1239-07-25,Chemical_47 Chemical_7 Chemical_75,Ароматова_АМ,jwaNqfb1Ei
Голыбина Оксана Михайловна,Евалар солгар мультивитамини,2022-02-08,Chemical_100 Chemical_14 Chemical_94,Голыбина_ОМ,1qy03koElA
Кувыршина Валерия Игоревна,Золекс,1630-01-01,Chemical_64 Chemical_71 Chemical_27,Кувыршина_ВИ,Gsb8sz91ad
Хитьков Анатолий Петрович,Аллопуринол,1519-07-04,Chemical_87 Chemical_96 Chemical_19,Хитьков_АП,fmgzfqTt9e
Шибилкин Яков Кириллович,Антациды,1518-10-06,Chemical_83 Chemical_15 Chemical_80,Шибилкин_ЯК,0qO0Ji8mlq
Кереметин Вячеслав Тимофеевич,Зинорам,1637-04-21,Chemical_83 Chemical_25 Chemical_38,Кереметин_ВТ,H7o5mniMJS
Брокина Дарья Олеговна,Ацетилсалициловая кислота,1327-01-03,Chemical_8 Chemical_68 Chemical_90,Брокина_ДО,EHkV2dOEZZ
Ачин Герасим Данилович,Гидрохлоротиазид,1014-01-22,Chemical_18 Chemical_70 Chemical_37,Ачин_ГД,V6phK7qbGu
Тановицкий Тарас Виталиевич,Тикалиптин,1762-03-15,Chemical_55 Chemical_91 Chemical_31,Тановицкий_ТВ,5gLBhRsURd
Беломожнов Михаил Романович,Левотироксин,1072-09-24,Chemical_46 Chemical_12 Chemical_12,Беломожнов_МР,zLBCAUw0KN
Хорошилин Кирилл Фёдорович,Мезим,1820-07-08,Chemical_16 Chemical_44 Chemical_52,Хорошилин_КФ,kpm3unZWsQ
Киржанкова Алиса Вадимовна,Виалар,1652-12-11,Chemical_76 Chemical_49 Chemical_89,Киржанкова_АВ,rSIKR792o1
Цуканов Иван Иванович,Венолайфт,1674-07-26,Chemical_9 Chemical_26 Chemical_26,Цуканов_ИИ,cJ1pTtnIvl
Потешных Дмитрий Иванович,Колчицин,1097-08-05,Chemical_97 Chemical_4 Chemical_22,Потешных_ДИ,0J5ymIHXQe
Суряднова Виолетта Богдановна,Протоник,1700-07-01,Chemical_88 Chemical_25 Chemical_95,Суряднова_ВБ,mM7h7q07ZI
Кажайкина Карина Эдуардовна,Парацетамол,1254-11-19,Chemical_52 Chemical_10 Chemical_70,Кажайкина_КЭ,Yv3KGE2nkj
Рабовский Дмитрий Яковлевич,Витамин С,0924-02-08,Chemical_35 Chemical_80 Chemical_55,Рабовский_ДЯ,3LFA9tg6qA
Едамов Аркадий Тимофеевич,Амоксициллин,1567-10-19,Chemical_10 Chemical_40 Chemical_23,Едамов_АТ,MRVFugLZ8K
Столбова София Василевна,Атенолол,0940-07-17,Chemical_47 Chemical_34 Chemical_45,Столбова_СВ,ms9o2qBzok
Смаркин Семён Андреевич,Золаир,1973-12-11,Chemical_66 Chemical_71 Chemical_50,Смаркин_СА,Rr3Z2Rbyts
Колтакова Алиса Максимовна,Иммунивит,1056-07-16,Chemical_52 Chemical_1 Chemical_80,Колтакова_АМ,rUYdI3fOiP
Фимошина Виктория Романовна,Левотироксин,1814-03-23,Chemical_72 Chemical_3 Chemical_59,Фимошина_ВР,kgWvWFUK8j
Крыницкий Владимир Борисович,Омепразол,0959-10-21,Chemical_4 Chemical_20 Chemical_41,Крыницкий_ВБ,e2mzW2v9nR
Косых Жанна Михайловна,Пентоксифиллин,1449-09-05,Chemical_87 Chemical_89 Chemical_72,Косых_ЖМ,eV06V62mjx
Кваснинов Кирилл Адамович,Ретардин,1267-09-14,Chemical_22 Chemical_11 Chemical_68,Кваснинов_КА,dSO6i3OKEj
Чундерова Катерина Никитична,Колчицин,1755-10-02,Chemical_68 Chemical_17 Chemical_74,Чундерова_КН,gTUiiT5JAg
Худаева Виктория Богдановна,Диклофенак,1833-07-23,Chemical_29 Chemical_53 Chemical_96,Худаева_ВБ,0X3PbLiu0w
Хапилов Герасим Денисович,Пропанолол,1458-04-23,Chemical_10 Chemical_64 Chemical_91,Хапилов_ГД,Ae0hlDerc3
Ордянская Елизавета Вадимовна,Енап,1926-02-14,Chemical_5 Chemical_9 Chemical_36,Ордянская_ЕВ,ApqTi2Uo8q
Бахматова Вера Борисовна,Гропирон,1575-12-23,Chemical_89 Chemical_82 Chemical_73,Бахматова_ВБ,AQgmfplih1
Хатуцкая Галина Романовна,Урсофальк,1518-09-04,Chemical_81 Chemical_50 Chemical_46,Хатуцкая_ГР,Ez4V02TEnz
Левжинская Екатерина Кирилловна,Атенолол,1830-03-09,Chemical_98 Chemical_91 Chemical_74,Левжинская_ЕК,nixYGNutu6
Колбиев Андрей Георгиевич,Миртазапин,1963-09-11,Chemical_91 Chemical_45 Chemical_71,Колбиев_АГ,rwwCcLj593
Мамсуров Валентин Алексеевич,Урсофальк,1824-07-22,Chemical_73 Chemical_82 Chemical_41,Мамсуров_ВА,sZPzAv3na7
Нягусева Клара Никитична,Бактрим,1971-09-01,Chemical_46 Chemical_84 Chemical_83,Нягусева_КН,J1Avln2SVj
Биклинев Никита Фёдорович,Евалар солгар мультивитамини,1124-08-10,Chemical_26 Chemical_95 Chemical_71,Биклинев_НФ,rXHVzJizm5
Осоргин Григорий Денисович,Зылорик,1201-05-27,Chemical_63 Chemical_98 Chemical_69,Осоргин_ГД,dQQz8oprSx
Поводова Вероника Федоровна,Лозартан,1520-08-22,Chemical_3 Chemical_5 Chemical_44,Поводова_ВФ,sVa7w68YMj
Шишанкова Алла Алексеевна,Бензоилпероксид,1115-02-04,Chemical_77 Chemical_66 Chemical_79,Шишанкова_АА,oRlf4GBcTd
Скарлыкин Павел Яковлевич,Золедроновая кислота,1037-07-04,Chemical_5 Chemical_93 Chemical_49,Скарлыкин_ПЯ,nFi0xJjYVm
Корельцев Валерий Адамович,Валидол,2021-11-07,Chemical_26 Chemical_60 Chemical_42,Корельцев_ВА,8ad9fkIWqZ
Сочинский Владислав Антонович,Пилипен,1773-11-11,Chemical_97 Chemical_8 Chemical_73,Сочинский_ВА,Le3UdB0x5b
Крамина Клара Дмитриевна,Мелатонин,1449-09-06,Chemical_85 Chemical_77 Chemical_17,Крамина_КД,8x1r6x85Vl
Мошаева Кира Валерьевна,Глюкозамин,1709-01-08,Chemical_25 Chemical_79 Chemical_11,Мошаева_КВ,N70ZOY9LPa
Ахмадуллин Александр Евгеньевич,Амитриптилин,0960-12-26,Chemical_90 Chemical_77 Chemical_84,Ахмадуллин_АЕ,uCdtwlnL76
Бургов Иван Михаилович,Итрафунгол,1145-09-06,Chemical_26 Chemical_92 Chemical_80,Бургов_ИМ,RjaAYylRg5
Мошевитин Юрий Виталиевич,Линезолид,1181-11-22,Chemical_48 Chemical_97 Chemical_5,Мошевитин_ЮВ,VB67LIty6s
Макарова София Ивановна,Левофлоксацин,1331-02-21,Chemical_69 Chemical_61 Chemical_62,Макарова_СИ,Ez2LtBHIWU
Ганчева Кира Олеговна,Зылорик,1288-08-10,Chemical_39 Chemical_83 Chemical_73,Ганчева_КО,CXvg3HtOOH
Алятин Эдуард Романович,Кладрибин,1409-03-13,Chemical_51 Chemical_70 Chemical_29,Алятин_ЭР,UkPNDmO5ZA
Глинкин Владимир Викторович,Пентоксифиллин,1637-09-23,Chemical_11 Chemical_18 Chemical_63,Глинкин_ВВ,Cbai3pvRsV
Строгалев Леонид Вадимович,Пропанолол,1530-12-11,Chemical_31 Chemical_96 Chemical_91,Строгалев_ЛВ,AlY7gLAAh5
Гирина Ева Никитична,Живина,1850-01-12,Chemical_94 Chemical_8 Chemical_86,Гирина_ЕН,EKcjA3Rtz8
Нецкина Елизавета Василевна,Вальтрекс,0901-02-23,Chemical_27 Chemical_12 Chemical_63,Нецкина_ЕВ,j42Tus8yRF
Тахтауров Эдуард Данилович,Норматен,1717-01-20,Chemical_92 Chemical_81 Chemical_32,Тахтауров_ЭД,eKbX2PuOZ8
Новеньких Валерий Борисович,Азитромицин,1107-06-25,Chemical_98 Chemical_81 Chemical_70,Новеньких_ВБ,3K2o1uLv0W
Веденисов Василий Юриевич,Бетаметазон,1760-03-11,Chemical_1 Chemical_79 Chemical_23,Веденисов_ВЮ,sbyEoTbi5q
Назарбаев Геннадий Вадимович,Ёжик,1739-07-09,Chemical_68 Chemical_66 Chemical_31,Назарбаев_ГВ,NPvPYCy0uc
Верескина Ольга Сергеевна,Рибавирин,1439-04-28,Chemical_2 Chemical_38 Chemical_70,Верескина_ОС,5SSxJj2syX
Мойкина Инна Василевна,Рибавирин,1790-07-15,Chemical_53 Chemical_73 Chemical_83,Мойкина_ИВ,XEH5Z9YP20
Каледенков Вячеслав Денисович,Миртазапин,1901-05-08,Chemical_25 Chemical_60 Chemical_37,Каледенков_ВД,burMSor6R6
Нечахин Альберт Николаевич,Азитромицин,1254-03-20,Chemical_16 Chemical_15 Chemical_70,Нечахин_АН,tkYwhO4Jmc
Томасов Владислав Максимович,Женьшень,1162-07-26,Chemical_69 Chemical_54 Chemical_57,Томасов_ВМ,qGQdnmiX7i
Плетцова Виолетта Богдановна,Дикарбазин,0999-04-28,Chemical_52 Chemical_83 Chemical_21,Плетцова_ВБ,0Q9P1UR2Js
Гаврилкин Вадим Василиевич,Уоллтапс,1135-11-22,Chemical_91 Chemical_96 Chemical_8,Гаврилкин_ВВ,jFkJiz5O1Q
Милетина Александра Аркадьевна,Амитриптилин,1422-01-28,Chemical_61 Chemical_42 Chemical_31,Милетина_АА,2siSDQoWbZ
Добранчева Зинаида Михайловна,Оксикодон,1518-01-22,Chemical_61 Chemical_77 Chemical_95,Добранчева_ЗМ,S6i1uQ0hpO
Зиганова Зинаида Кирилловна,Ранитидин,1018-11-14,Chemical_79 Chemical_78 Chemical_77,Зиганова_ЗК,Dh6yy1t0Vp
Упорников Михаил Евгеньевич,Ибупрофен,1592-06-21,Chemical_77 Chemical_96 Chemical_19,Упорников_МЕ,h6C3j95Hyv
Веснянкина Марина Эдуардовна,Вальтрекс,0928-09-27,Chemical_38 Chemical_79 Chemical_54,Веснянкина_МЭ,jCOjg26btq
Снитникова Маргарита Богдановна,Итрафунгол,1844-10-11,Chemical_13 Chemical_50 Chemical_12,Снитникова_МБ,k4Hyssj7So
Закакуев Максим Фёдорович,Нимулид,1236-09-19,Chemical_64 Chemical_51 Chemical_51,Закакуев_МФ,sTzWdY4Sjy
Помадкова Тамара Егоровна,Оланзапин,1213-01-09,Chemical_33 Chemical_8 Chemical_80,Помадкова_ТЕ,e0DoFrjaNL
Чубанова Алёна Романовна,Мелоксикам,1072-11-13,Chemical_76 Chemical_38 Chemical_23,Чубанова_АР,A337buPhXA
Реутский Федор Юриевич,Бромгексин,1584-03-18,Chemical_79 Chemical_7 Chemical_92,Реутский_ФЮ,7WvA1ehiEU
Пурювкин Руслан Георгиевич,Пентоксифиллин,1688-01-23,Chemical_3 Chemical_19 Chemical_37,Пурювкин_РГ,8XI9G6FWiv
Помазенцев Яков Тимофеевич,Сетирозин,1941-02-23,Chemical_81 Chemical_34 Chemical_65,Помазенцев_ЯТ,S75qwCpxMC
Девушкина Жанна Андреевна,Золедроновая кислота,1379-11-10,Chemical_23 Chemical_51 Chemical_9,Девушкина_ЖА,iM1jbodZeU
Яшункина Дарья Сергеевна,Женьшень,1669-10-15,Chemical_30 Chemical_22 Chemical_91,Яшункина_ДС,Ul5zTTxCEe
Шалапугина Юлия Дмитриевна,Дуодарт,1109-04-27,Chemical_3 Chemical_17 Chemical_20,Шалапугина_ЮД,m0yPiY0HK3
Пепинова Ева Ивановна,Ацетилсалициловая кислота,0963-02-26,Chemical_5 Chemical_62 Chemical_58,Пепинова_ЕИ,9qyfhbZUYo
Юделева Валентина Игоревна,Бромгексин,1328-10-18,Chemical_52 Chemical_65 Chemical_73,Юделева_ВИ,2WBltZf1Vp
Монастыров Иван Юриевич,Ибупрофен,1241-12-25,Chemical_30 Chemical_52 Chemical_21,Монастыров_ИЮ,V0rOjvOiaW
Досадина Зинаида Игоревна,Росувастатин,2005-09-16,Chemical_4 Chemical_30 Chemical_45,Досадина_ЗИ,aW6s8FoW8t
Заяшникова Оксана Борисовна,Диклофенак,1869-08-12,Chemical_96 Chemical_73 Chemical_84,Заяшникова_ОБ,oe1V9QrmRI
Непогодина Людмила Петровна,Витамин С,0900-02-24,Chemical_80 Chemical_34 Chemical_87,Непогодина_ЛП,q3AC42mrSh
Бежджонов Антон Евгеньевич,Амитриптилин,1528-09-28,Chemical_37 Chemical_70 Chemical_13,Бежджонов_АЕ,tg4Ki2Tvnb
Могеев Станислав Алексиевич,Агонал,1106-11-23,Chemical_34 Chemical_87 Chemical_23,Могеев_СА,gaAswZw1RW
Нарымова Дарья Валерьевна,Жасмин,1343-05-05,Chemical_68 Chemical_55 Chemical_6,Нарымова_ДВ,YM3VtFQdrp
Справников Игорь Адамович,Дуодарт,1091-06-24,Chemical_11 Chemical_85 Chemical_63,Справников_ИА,dkX1kfOV3y
Кормщиков Евгений Юриевич,Левофлоксацин,1911-06-28,Chemical_57 Chemical_29 Chemical_63,Кормщиков_ЕЮ,qNHa2mikMj
Букатов Дмитрий Алексиевич,Бисакодил,1643-09-23,Chemical_53 Chemical_30 Chemical_58,Букатов_ДА,JSpyz3YMgd
Абримов Павел Олегович,Амоксициллин,0938-12-20,Chemical_88 Chemical_13 Chemical_39,Абримов_ПО,ywx4gB4Voa
Падолкина Надежда Ивановна,Ингавирин,1792-05-08,Chemical_80 Chemical_13 Chemical_85,Падолкина_НИ,Oo77OZZAOh
Кавардин Вячеслав Тимофеевич,Аллопуринол,1388-04-06,Chemical_7 Chemical_55 Chemical_33,Кавардин_ВТ,sZ2n9BF7ky
Кожаурова Жанна Ивановна,Левофлоксацин,1311-10-06,Chemical_10 Chemical_5 Chemical_41,Кожаурова_ЖИ,61PEhbzaxa
Балакин Пётр Антонович,Спазмалгон,1326-09-12,Chemical_42 Chemical_30 Chemical_68,Балакин_ПА,qSB3HrH6Az
Киржаков Геннадий Максимович,Золедроновая кислота,1478-03-20,Chemical_51 Chemical_8 Chemical_26,Киржаков_ГМ,UAasLF1Vwe
Давличаров Павел Игоревич,Бензоилпероксид,1184-02-17,Chemical_32 Chemical_73 Chemical_98,Давличаров_ПИ,umJfVPod8n
Камашкин Артём Вадимович,Итрафунгол,1114-02-27,Chemical_98 Chemical_32 Chemical_16,Камашкин_АВ,VCvVlyZQR3
Постатская Полина Алексеевна,Бензоилпероксид,0972-06-28,Chemical_12 Chemical_76 Chemical_81,Постатская_ПА,GoEoA5MbwJ
Максимцев Станислав Николаевич,Зинорам,1045-01-13,Chemical_78 Chemical_13 Chemical_54,Максимцев_СН,LNPOTdX0n5
Петюшина Светлана Эдуардовна,Агонал,1506-10-21,Chemical_38 Chemical_53 Chemical_58,Петюшина_СЭ,qo9pEzrw68
Петрина Наталья Аркадьевна,Лозартан,1648-04-28,Chemical_3 Chemical_70 Chemical_35,Петрина_НА,FjizLsLY1M
Крутцов Станислав Юриевич,Росувастатин,1256-01-26,Chemical_8 Chemical_39 Chemical_82,Крутцов_СЮ,RWB0MP1D4m
Ананчева Вероника Ивановна,Гидрохлоротиазид,1060-03-03,Chemical_98 Chemical_57 Chemical_56,Ананчева_ВИ,RnnAA6qmsb
Цыцарцев Валерий Василиевич,Нитросорбид,1063-08-08,Chemical_21 Chemical_60 Chemical_8,Цыцарцев_ВВ,6UvypeIYFO
Зазнобкина Ирина Богдановна,Золаир,1917-10-07,Chemical_58 Chemical_65 Chemical_98,Зазнобкина_ИБ,9g8Bhz1Nka
Обризова Алена Олеговна,Антациды,1712-06-24,Chemical_58 Chemical_35 Chemical_10,Обризова_АО,o1BImfx4ru
Салянкин Владислав Фёдорович,Небиволол,1420-07-13,Chemical_51 Chemical_84 Chemical_32,Салянкин_ВФ,sXaXkaRO0S
Чернедова Алиса Аркадьевна,Оланзапин,1869-08-16,Chemical_21 Chemical_17 Chemical_57,Чернедова_АА,4cvOlfRFhN
Токарев Руслан Алексеевич,Виагра,1591-05-12,Chemical_90 Chemical_13 Chemical_52,Токарев_РА,0LO2qillWG
Миридинов Денис Денисович,Зылорик,1166-03-13,Chemical_17 Chemical_42 Chemical_97,Миридинов_ДД,Eglyn7hrU0
Копелькина Елизавета Алексеевна,Агонал,1181-05-22,Chemical_4 Chemical_58 Chemical_52,Копелькина_ЕА,2fclRiXscz
Будяков Михаил Петрович,Женьшень,1989-11-10,Chemical_24 Chemical_17 Chemical_83,Будяков_МП,W1u2ohXeoM
Мавлекиева Дарья Валерьевна,Зинорам,1766-05-02,Chemical_15 Chemical_8 Chemical_59,Мавлекиева_ДВ,5xHZn8hrNj
Бальнова Светлана Богдановна,Венолайфт,1392-08-15,Chemical_27 Chemical_76 Chemical_28,Бальнова_СБ,VKWwjFu2XF
Муруев Никита Николаевич,Спазмалгон,1497-04-10,Chemical_81 Chemical_85 Chemical_82,Муруев_НН,xcVomIXZ3U
Танкуйлин Аркадий Кириллович,Железа препараты,0939-06-15,Chemical_58 Chemical_95 Chemical_70,Танкуйлин_АК,rgYHkVpu6T
Леплинский Владислав Юриевич,Кетопрофен,1907-02-06,Chemical_63 Chemical_97 Chemical_69,Леплинский_ВЮ,HElSJH7jop
Жегланова Алёна Ивановна,Колчицин,1726-04-28,Chemical_51 Chemical_50 Chemical_64,Жегланова_АИ,WMHlvckMn7
Шелдукова Алина Викторовна,Метформин,1908-06-19,Chemical_28 Chemical_22 Chemical_60,Шелдукова_АВ,3bkr3NQexB
Рапиева Зинаида Никитична,Бетаин,1376-12-13,Chemical_48 Chemical_5 Chemical_53,Рапиева_ЗН,j2nruBvqmE
Гермогенов Иван Тимофеевич,Амоксиклав,1936-10-10,Chemical_97 Chemical_22 Chemical_38,Гермогенов_ИТ,84Iykm5P53
Холсин Константин Сергеевич,Кетопрофен,1148-04-05,Chemical_32 Chemical_86 Chemical_37,Холсин_КС,5CRg5WRJki
Вакунов Александр Викторович,Метопролол,0914-04-03,Chemical_58 Chemical_2 Chemical_87,Вакунов_АВ,s3GocQEulx
Подласова Вера Андреевна,Рибавирин,1034-12-01,Chemical_80 Chemical_33 Chemical_46,Подласова_ВА,xFXXtBZ4oR
Городцов Игорь Валериевич,Симвастатин,1468-06-03,Chemical_45 Chemical_49 Chemical_18,Городцов_ИВ,Gn4T71sRtZ
Алексакова Карина Дмитриевна,Амоксиклав,1996-06-15,Chemical_18 Chemical_4 Chemical_48,Алексакова_КД,0w73F4P5SP
Эссина Полина Ивановна,Мелатонин,1429-08-25,Chemical_20 Chemical_44 Chemical_84,Эссина_ПИ,3armOt6pCv
Юртайкина Зинаида Ивановна,Уоллтапс,1107-09-26,Chemical_14 Chemical_47 Chemical_64,Юртайкина_ЗИ,4Ke9zVemft
Варваркина Софья Максимовна,Метопролол,1946-05-17,Chemical_64 Chemical_45 Chemical_83,Варваркина_СМ,F1f695u5oZ
Зябкина Валерия Михайловна,Бетаин,1801-03-24,Chemical_21 Chemical_90 Chemical_87,Зябкина_ВМ,4tkZKbJ1tg
Шерекина Екатерина Николаевна,Симвастатин,1005-05-02,Chemical_44 Chemical_1 Chemical_79,Шерекина_ЕН,ix46tgwNH6
Халипский Евгений Алексеевич,Пилипен,1068-05-23,Chemical_62 Chemical_13 Chemical_92,Халипский_ЕА,FpTFHWkPN8
Голбина Галина Егоровна,Лоразепам,1321-06-08,Chemical_43 Chemical_89 Chemical_2,Голбина_ГЕ,ETkadP8thH
Кузубов Роман Кириллович,Триптаны,1167-06-06,Chemical_36 Chemical_64 Chemical_98,Кузубов_РК,35HJPiQniu
Эзенкина Ксения Ивановна,Ретардин,1599-01-21,Chemical_90 Chemical_92 Chemical_67,Эзенкина_КИ,L6UGGhzqmj
Киричуков Никита Игоревич,Бетаин,1498-08-25,Chemical_97 Chemical_15 Chemical_53,Киричуков_НИ,PjY65AyCaN
Агафеева Тамара Олеговна,Клопидогрел,0932-08-16,Chemical_17 Chemical_72 Chemical_22,Агафеева_ТО,BY1NzzBbEI
Ханевичев Геннадий Викторович,Ингавирин,1445-06-15,Chemical_100 Chemical_88 Chemical_31,Ханевичев_ГВ,oHrT2wBNsP
Мицина Светлана Кирилловна,Норматен,1032-04-04,Chemical_44 Chemical_16 Chemical_60,Мицина_СК,D9EJH8pCck
Атарщиков Артём Викторович,Валидол,0935-09-01,Chemical_48 Chemical_25 Chemical_54,Атарщиков_АВ,GbWeZ8xKq7
Эйдикова Ирина Егоровна,Ранитидин,1304-10-20,Chemical_22 Chemical_48 Chemical_13,Эйдикова_ИЕ,EdTsT8r1b6
Каплина Валентина Романовна,Алпразолам,1380-12-06,Chemical_73 Chemical_48 Chemical_15,Каплина_ВР,lw9CQIzqpx
Осицимский Алексей Юриевич,Норматен,1026-12-09,Chemical_81 Chemical_80 Chemical_35,Осицимский_АЮ,vTbNHx0Wqv
Плантова Катерина Николаевна,Урсофальк,1849-12-27,Chemical_19 Chemical_60 Chemical_28,Плантова_КН,4KNxaYvhsv
Селемнева Мария Вадимовна,Омепразол,1776-10-08,Chemical_67 Chemical_94 Chemical_77,Селемнева_МВ,qjkdv8xRln
Сымчева Зинаида Богдановна,Бисакодил,1765-06-26,Chemical_53 Chemical_58 Chemical_28,Сымчева_ЗБ,I6ubACkf2f
Стретова Раиса Яковлевна,Дикарбазин,1694-05-06,Chemical_82 Chemical_95 Chemical_53,Стретова_РЯ,sFxE5lRRov
Царитова Галина Олеговна,Омега-3 кислоты,1962-05-03,Chemical_97 Chemical_61 Chemical_81,Царитова_ГО,q8a3gPySUp
Дрыкина Кристина Василевна,Метопролол,1152-05-06,Chemical_79 Chemical_60 Chemical_18,Дрыкина_КВ,yYU1xlRruA
Спорягина Анна Кирилловна,Антациды,2009-03-04,Chemical_16 Chemical_19 Chemical_14,Спорягина_АК,P5R6YgT1UN
Цепикин Константин Евгеньевич,Виалар,1502-09-18,Chemical_1 Chemical_36 Chemical_54,Цепикин_КЕ,fGJf1gnnAo
Кордашин Пётр Данилович,Ингавирин,1598-01-05,Chemical_31 Chemical_65 Chemical_25,Кордашин_ПД,3TyG7DNqRE
Байдильдин Станислав Вадимович,Гропирон,1224-02-12,Chemical_17 Chemical_6 Chemical_88,Байдильдин_СВ,4R3aOuQ1Nm
Ябковская Елена Яковлевна,Антациды,1504-12-24,Chemical_52 Chemical_27 Chemical_29,Ябковская_ЕЯ,hgn6yiPLgk
Ионкин Владимир Иванович,Ретардин,1164-04-22,Chemical_71 Chemical_3 Chemical_11,Ионкин_ВИ,CNabmS5JQi
Пониматкин Артём Яковлевич,Бромгексин,0963-10-18,Chemical_11 Chemical_1 Chemical_69,Пониматкин_АЯ,GelVHK54lH
Охочинская Жанна Валерьевна,Триптаны,1643-10-17,Chemical_91 Chemical_3 Chemical_32,Охочинская_ЖВ,2gcv2kvEPU
Размыкова Алина Кирилловна,Тианептин,1045-06-04,Chemical_86 Chemical_37 Chemical_69,Размыкова_АК,1HyHy6daPA
Аврамов Руслан Алексиевич,Кандесартан,1308-02-21,Chemical_61 Chemical_97 Chemical_31,Аврамов_РА,GqwJv2WsD2
Семовских Лиза Викторовна,Пропанолол,1256-04-10,Chemical_75 Chemical_31 Chemical_8,Семовских_ЛВ,fLw8MXYPwl
Абалмазов Валентин Петрович,Пропанолол,2020-05-02,Chemical_4 Chemical_90 Chemical_93,Абалмазов_ВП,fHRP6RTP2Z
Аскаров Илья Кириллович,Ниссан,1851-02-04,Chemical_100 Chemical_39 Chemical_76,Аскаров_ИК,CudNx6Fvtk
Свирстина Жанна Богдановна,Допамин,1523-04-21,Chemical_89 Chemical_40 Chemical_27,Свирстина_ЖБ,oUzu7UOhyl
Копытенков Олег Денисович,Золекс,1373-11-03,Chemical_25 Chemical_35 Chemical_39,Копытенков_ОД,ykqX3KPRhg
Аполонин Максим Михаилович,Лоразепам,1519-07-06,Chemical_83 Chemical_62 Chemical_76,Аполонин_ММ,fwjRdp8dyn
Добрышкин Аркадий Валериевич,Золаир,1300-11-25,Chemical_32 Chemical_43 Chemical_27,Добрышкин_АВ,5gjfCf6zmE
Хромачев Валентин Василиевич,Диклофенак,1682-02-07,Chemical_58 Chemical_12 Chemical_64,Хромачев_ВВ,ejkPPd4QY1
Панчекин Виталий Аркадиевич,Тикалиптин,1896-12-08,Chemical_33 Chemical_22 Chemical_94,Панчекин_ВА,xbRMl0JbSE
Саслина Тамара Максимовна,Венолайфт,1666-10-08,Chemical_99 Chemical_22 Chemical_31,Саслина_ТМ,PjLQC6KVt2
Буглина Инна Михайловна,Ацетилсалициловая кислота,1278-10-17,Chemical_66 Chemical_100 Chemical_62,Буглина_ИМ,Gzx0tiYn0l
Якутенкова Жанна Валерьевна,Сертралин,1988-08-19,Chemical_64 Chemical_69 Chemical_10,Якутенкова_ЖВ,JhfQG61kAv
Сафошин Георгий Василиевич,Колчицин,1367-03-17,Chemical_9 Chemical_17 Chemical_28,Сафошин_ГВ,fP3i1mtpg9
Каяцкая Ольга Борисовна,Индометацин,1440-10-12,Chemical_21 Chemical_60 Chemical_21,Каяцкая_ОБ,AfAygFbQr9
Карапозов Константин Василиевич,Левотироксин,1918-06-07,Chemical_55 Chemical_29 Chemical_4,Карапозов_КВ,pJweZ0bS5q
Рустямова Алина Василевна,Итрафунгол,1575-05-07,Chemical_80 Chemical_30 Chemical_57,Рустямова_АВ,lvx24JOENP
Жерденков Илья Денисович,Колчицин,1401-09-15,Chemical_95 Chemical_49 Chemical_85,Жерденков_ИД,sh6J3DcHVF
Донышева Людмила Кирилловна,Золаир,1972-06-26,Chemical_19 Chemical_69 Chemical_82,Донышева_ЛК,qFu9UyHmLB
Цыбышев Николай Антонович,Бромгексин,1724-08-07,Chemical_36 Chemical_40 Chemical_36,Цыбышев_НА,Hsgxejs8ko
Севастокин Виктор Романович,Мидокалм,1279-04-15,Chemical_2 Chemical_64 Chemical_2,Севастокин_ВР,8g3d471XTN
Баранихина Алла Евгеньевна,Иммунивит,1629-02-22,Chemical_81 Chemical_100 Chemical_80,Баранихина_АЕ,A6xefiz4z3
Тараборина Марина Андреевна,Тианептин,1664-10-19,Chemical_63 Chemical_54 Chemical_70,Тараборина_МА,zefAV9rc4D
Шкутин Юрий Алексиевич,Рибавирин,1088-02-23,Chemical_49 Chemical_67 Chemical_24,Шкутин_ЮА,9artpYqKFa
Пушменкова Наталья Богдановна,Сетирозин,1622-10-23,Chemical_68 Chemical_71 Chemical_90,Пушменкова_НБ,NafwoYRur0
Малшенков Дмитрий Кириллович,Женьшень,1378-06-10,Chemical_17 Chemical_6 Chemical_59,Малшенков_ДК,m4AN2QM2B6
Валкин Денис Олегович,Парацетамол,1129-04-09,Chemical_93 Chemical_33 Chemical_39,Валкин_ДО,lkdwi2Xjz7
Граннина Алиса Андреевна,Ранитидин,1329-04-25,Chemical_21 Chemical_89 Chemical_59,Граннина_АА,5X51IBtgDR
Перемитина Алиса Борисовна,Амлодипин,1475-10-20,Chemical_30 Chemical_16 Chemical_65,Перемитина_АБ,E3z8GxyA59
Масленцова Алина Вадимовна,Левофлоксацин,1367-11-21,Chemical_15 Chemical_43 Chemical_83,Масленцова_АВ,n1JhlblTpN
Шалчков Денис Викторович,Рамиприл,1706-06-08,Chemical_58 Chemical_70 Chemical_1,Шалчков_ДВ,j3da1sIjks
Проселкова Зинаида Максимовна,Рибавирин,1032-10-19,Chemical_46 Chemical_99 Chemical_73,Проселкова_ЗМ,emNcgDiN92
Большанин Павел Андреевич,Кетопрофен,1526-06-17,Chemical_60 Chemical_53 Chemical_35,Большанин_ПА,rJjybj4ZC4
Капцева Юлия Федоровна,Виалар,1902-07-26,Chemical_17 Chemical_89 Chemical_14,Капцева_ЮФ,nfl95N0lLo
Тюшагин Аркадий Борисович,Уоллтапс,1530-08-11,Chemical_79 Chemical_55 Chemical_23,Тюшагин_АБ,29qsjhwavD
Сусленков Игорь Денисович,Мезим,1214-05-15,Chemical_95 Chemical_79 Chemical_44,Сусленков_ИД,qOyhp79NtD
Печуркина Жанна Борисовна,Виагра,1950-09-19,Chemical_40 Chemical_38 Chemical_48,Печуркина_ЖБ,fc4Yejr8DJ
Крахоткина Софья Олеговна,Амлодипин,1381-04-02,Chemical_14 Chemical_7 Chemical_65,Крахоткина_СО,1VROcJpLgV
Огулова Виктория Борисовна,Глюкозамин,1779-08-09,Chemical_79 Chemical_14 Chemical_40,Огулова_ВБ,Iorm8wUrqn
Евиланова Раиса Федоровна,Габапентин,1823-07-15,Chemical_80 Chemical_75 Chemical_21,Евиланова_РФ,haJ6JWXQPF
Крудакова Оксана Яковлевна,Ксарелто,1609-08-10,Chemical_88 Chemical_28 Chemical_59,Крудакова_ОЯ,Jbk95GDXbI
Осконов Роман Андреевич,Амоксиклав,1957-06-01,Chemical_6 Chemical_45 Chemical_30,Осконов_РА,8Ez3GAorf7
Находнов Пётр Михаилович,Евалар солгар мультивитамини,1315-02-12,Chemical_1 Chemical_62 Chemical_1,Находнов_ПМ,viGQ8eGKl2
Дрычкова Кира Эдуардовна,Гропирон,1463-09-20,Chemical_100 Chemical_6 Chemical_72,Дрычкова_КЭ,6Kb2naAQiA
Полатов Павел Алексеевич,Рамиприл,1792-07-25,Chemical_51 Chemical_6 Chemical_61,Полатов_ПА,ftm5sA3KMy
Бострикова Софья Романовна,Оланзапин,1080-12-09,Chemical_94 Chemical_40 Chemical_35,Бострикова_СР,vBNgYK2gKl
Джоев Вадим Юриевич,Норматен,1896-08-19,Chemical_58 Chemical_85 Chemical_95,Джоев_ВЮ,72GcYZKTjQ
Актанаев Игорь Валериевич,Бисопролол,0992-01-04,Chemical_2 Chemical_11 Chemical_72,Актанаев_ИВ,fR4zz3Q3Kk
Чужакова Мария Дмитриевна,Метформин,1878-03-01,Chemical_20 Chemical_6 Chemical_8,Чужакова_МД,RgKyLEYyl3
Гиричева Полина Борисовна,Метопролол,1599-09-03,Chemical_9 Chemical_62 Chemical_84,Гиричева_ПБ,9svMgyU6Ty
Гродобоев Константин Михаилович,Оксикодон,2021-07-28,Chemical_64 Chemical_33 Chemical_76,Гродобоев_КМ,avJaF1gKD2
Сапетина Марина Дмитриевна,Спазмалгон,1814-12-23,Chemical_39 Chemical_84 Chemical_74,Сапетина_МД,z5OT7msdam
Писеева Катерина Богдановна,Амоксиклав,1090-11-18,Chemical_18 Chemical_16 Chemical_47,Писеева_КБ,nJrTt1EqUX
Загладин Илья Тимофеевич,Уоллтапс,1441-04-08,Chemical_8 Chemical_75 Chemical_97,Загладин_ИТ,SkOt8DggUQ
Гридаева Елена Олеговна,Кандесартан,1568-03-06,Chemical_39 Chemical_9 Chemical_45,Гридаева_ЕО,cNneeyneX7
Чармосова Наталия Алексеевна,Сетирозин,1847-05-17,Chemical_88 Chemical_84 Chemical_5,Чармосова_НА,XUGGbZBiX7
Бешкуров Вячеслав Данилович,Амлодипин,1456-11-04,Chemical_60 Chemical_59 Chemical_39,Бешкуров_ВД,HsaYm5YhOC
Голубкова Ирина Игоревна,Аллопуринол,0983-02-03,Chemical_17 Chemical_4 Chemical_91,Голубкова_ИИ,gzpz4aQEuQ
Атрохин Павел Юрьевич,Диклофенак,1584-04-11,Chemical_94 Chemical_41 Chemical_3,Атрохин_ПЮ,yKeZet7pSd
Бригина Надежда Федоровна,Ретардин,0908-05-02,Chemical_92 Chemical_37 Chemical_19,Бригина_НФ,6gCV9c3hJZ
Сернецкая Людмила Валерьевна,Бромгексин,1691-01-16,Chemical_40 Chemical_90 Chemical_12,Сернецкая_ЛВ,O21bWHMIDf
Лутфиева Алина Викторовна,Преднизолон,1239-11-01,Chemical_32 Chemical_68 Chemical_74,Лутфиева_АВ,jxBe7yToJW
Листиков Валентин Михаилович,Виалар,1748-12-27,Chemical_86 Chemical_61 Chemical_8,Листиков_ВМ,WxCiN7jJwS
Чилых Виктория Вадимовна,Бисакодил,1585-08-09,Chemical_67 Chemical_26 Chemical_43,Чилых_ВВ,WBXRqPs8g9
Химунин Валерий Данилович,Ингавирин,1603-02-02,Chemical_26 Chemical_26 Chemical_65,Химунин_ВД,wi3z6YNcDQ
Баршикова Оксана Валерьевна,Сетирозин,1412-05-23,Chemical_85 Chemical_2 Chemical_77,Баршикова_ОВ,uatg5gFbfK
Ушмодина Людмила Михайловна,Мидокалм,1376-02-03,Chemical_60 Chemical_57 Chemical_23,Ушмодина_ЛМ,hMHx3aJ6Iz
Сайдышева Софья Никитична,Глюкозамин,1890-06-02,Chemical_45 Chemical_8 Chemical_49,Сайдышева_СН,DCvA5ozPXa
Тащенков Дмитрий Денисович,Триптаны,1059-08-28,Chemical_84 Chemical_14 Chemical_9,Тащенков_ДД,JtPLQZ5tlP
Сафалова Зинаида Николаевна,Миртазапин,1662-05-17,Chemical_73 Chemical_98 Chemical_51,Сафалова_ЗН,Zw0eCxAtht
Хажкасимов Борис Алексиевич,Живина,1032-08-14,Chemical_54 Chemical_85 Chemical_12,Хажкасимов_БА,J5BJ1wmt5s
Куконова Алена Михайловна,Небиволол,1481-10-26,Chemical_74 Chemical_21 Chemical_38,Куконова_АМ,RSqoCyyLz6
Борменкова Дарья Василевна,Левотироксин,1643-01-13,Chemical_74 Chemical_17 Chemical_76,Борменкова_ДВ,phwqEz3FCL
Веденякин Аркадий Иванович,Спазмалгон,1938-09-24,Chemical_93 Chemical_95 Chemical_18,Веденякин_АИ,yabaI501bE
Абубекаров Олег Юриевич,Сертралин,1811-03-08,Chemical_63 Chemical_17 Chemical_13,Абубекаров_ОЮ,7m5oLb4ldi
Лементуев Никита Фёдорович,Пилипен,2012-08-01,Chemical_22 Chemical_31 Chemical_48,Лементуев_НФ,iUVdYB9siG
Кашелев Борис Данилович,Метформин,1023-04-07,Chemical_97 Chemical_58 Chemical_29,Кашелев_БД,Q6YWN0Cem0
Жилнина Алла Федоровна,Мелатонин,1851-12-10,Chemical_2 Chemical_75 Chemical_77,Жилнина_АФ,dtXVsd73ze
Тряпкин Михаил Денисович,Евалар солгар мультивитамини,1550-02-12,Chemical_65 Chemical_11 Chemical_15,Тряпкин_МД,tys68CPGs0
Челочева София Олеговна,Нитросорбид,1780-12-07,Chemical_11 Chemical_48 Chemical_12,Челочева_СО,qVjTKM4LDv
Бульдыгина Кира Михайловна,Рибавирин,1057-06-18,Chemical_57 Chemical_21 Chemical_81,Бульдыгина_КМ,7riDyufO65
Крумина Елизавета Михайловна,Итрафунгол,1612-01-02,Chemical_10 Chemical_73 Chemical_83,Крумина_ЕМ,8g1IXxtUpb
Астрактова Жанна Эдуардовна,Дектанол,1588-06-12,Chemical_89 Chemical_84 Chemical_42,Астрактова_ЖЭ,aSyHOY0NKc
Дугарский Александр Алексеевич,Спазмалгон,1026-06-26,Chemical_62 Chemical_71 Chemical_5,Дугарский_АА,06l18aOmcv
Яловкина Елизавета Игоревна,Тикалиптин,1278-05-05,Chemical_23 Chemical_34 Chemical_81,Яловкина_ЕИ,QDMYwzk51B
Рукавичкин Григорий Петрович,Бромгексин,1247-10-09,Chemical_15 Chemical_40 Chemical_5,Рукавичкин_ГП,4551CqiSBO
Рубейкин Вячеслав Петрович,Метформин,0949-11-22,Chemical_15 Chemical_58 Chemical_1,Рубейкин_ВП,3gTgl10rZb
Черкина Катерина Егоровна,Левофлоксацин,1299-10-11,Chemical_18 Chemical_51 Chemical_58,Черкина_КЕ,wK4bp3oIvY
Приданов Вадим Игоревич,Амоксициллин,1511-05-20,Chemical_43 Chemical_88 Chemical_96,Приданов_ВИ,XinMrcuV1P
Шехоболова Светлана Никитична,Железа препараты,1245-05-18,Chemical_45 Chemical_29 Chemical_5,Шехоболова_СН,6Ct06jzZkX
Навотнева Лиза Богдановна,Кладрибин,1645-05-17,Chemical_82 Chemical_43 Chemical_98,Навотнева_ЛБ,wwPCYASS20
Балькина Анна Игоревна,Золекс,1744-10-09,Chemical_33 Chemical_16 Chemical_77,Балькина_АИ,n0IExdpjFk
Пудонин Виталий Данилович,Енап,0958-06-13,Chemical_4 Chemical_4 Chemical_92,Пудонин_ВД,ogvDRPN4Qf
Самрова Елизавета Евгеньевна,Сертралин,0992-02-25,Chemical_78 Chemical_50 Chemical_12,Самрова_ЕЕ,Cb2xe6V0tn
Близнюкова Ирина Эдуардовна,Метформин,1034-08-26,Chemical_51 Chemical_60 Chemical_94,Близнюкова_ИЭ,LIYdO0HZvn
Мышлин Альберт Иванович,Амоксиклав,1497-03-02,Chemical_100 Chemical_2 Chemical_83,Мышлин_АИ,Hd9G050RT6
Столинская Дарья Викторовна,Алпразолам,1743-11-06,Chemical_75 Chemical_70 Chemical_49,Столинская_ДВ,MciqoodWm4
Горбецкий Альберт Павлович,Ёжик,0968-10-24,Chemical_79 Chemical_33 Chemical_90,Горбецкий_АП,Y4wTUe8gmK
Личутина Екатерина Богдановна,Женьшень,1042-06-18,Chemical_39 Chemical_62 Chemical_89,Личутина_ЕБ,EclpVpq1NP
Двизов Ярослав Данилович,Амоксиклав,1339-01-01,Chemical_13 Chemical_46 Chemical_26,Двизов_ЯД,JMTs1SLW3a
Шишулина Анастасия Дмитриевна,Мелоксикам,2001-07-13,Chemical_41 Chemical_68 Chemical_71,Шишулина_АД,dFV7MOZ9NP
Андрюшина Дарья Кирилловна,Кладрибин,1293-10-04,Chemical_92 Chemical_54 Chemical_82,Андрюшина_ДК,Ic6k2mT5QU
Оршин Антон Аркадиевич,Амитриптилин,1529-08-08,Chemical_91 Chemical_3 Chemical_39,Оршин_АА,ov0AyTnkFR
Шляпников Иван Максимович,Оксикодон,1128-07-09,Chemical_61 Chemical_27 Chemical_97,Шляпников_ИМ,SpZ7UPwWuB
Самарков Вадим Андреевич,Железа препараты,0956-08-14,Chemical_42 Chemical_30 Chemical_66,Самарков_ВА,zy8EjEPKQ4
Колужина Виктория Богдановна,Виагра,1683-10-21,Chemical_7 Chemical_14 Chemical_66,Колужина_ВБ,l18emtr1hR
Баласанов Георгий Данилович,Бетаметазон,1843-03-13,Chemical_45 Chemical_89 Chemical_70,Баласанов_ГД,IUMQytXa4G
Самолюбов Герасим Вадимович,Бактрим,1297-09-04,Chemical_44 Chemical_21 Chemical_5,Самолюбов_ГВ,5iU3BeFEgE
Любиров Тарас Яковлевич,Бетаин,1848-08-18,Chemical_81 Chemical_15 Chemical_67,Любиров_ТЯ,6YfmeJ835t
Кочеляева Александра Игоревна,Лоразепам,0989-06-20,Chemical_89 Chemical_40 Chemical_79,Кочеляева_АИ,r4FsxtSvSA
Плантюрина Алёна Аркадьевна,Индометацин,1915-06-14,Chemical_64 Chemical_99 Chemical_46,Плантюрина_АА,piGdGF7q43
Мамаикина Лиза Леонидовна,Ретардин,1463-01-27,Chemical_31 Chemical_58 Chemical_82,Мамаикина_ЛЛ,l7HlvdW2ow
Собина Галина Ивановна,Дектанол,1299-01-25,Chemical_87 Chemical_6 Chemical_84,Собина_ГИ,JaewL5CjJc
Антогина Лариса Евгеньевна,Железа препараты,1991-01-07,Chemical_86 Chemical_24 Chemical_78,Антогина_ЛЕ,A5DwJ1YST2
Бандалетов Илья Викторович,Дикарбазин,1977-02-07,Chemical_86 Chemical_12 Chemical_48,Бандалетов_ИВ,bvLVQEC8n2
Жарченков Николай Евгеньевич,Зинорам,1191-04-27,Chemical_49 Chemical_10 Chemical_23,Жарченков_НЕ,QNu4kdPOgY
Семушин Эдуард Кириллович,Валацикловир,1178-02-21,Chemical_51 Chemical_23 Chemical_78,Семушин_ЭК,5xttKNW0Lh
Курузаева Анна Алексеевна,Глюкозамин,1860-08-28,Chemical_43 Chemical_89 Chemical_72,Курузаева_АА,teQF8vW8ID
Худеньких Вадим Максимович,Амоксициллин,1986-02-21,Chemical_15 Chemical_41 Chemical_84,Худеньких_ВМ,czBC4ootVd
Щучина Галина Эдуардовна,Дексаметазон,1181-07-23,Chemical_37 Chemical_89 Chemical_64,Щучина_ГЭ,FATCS5rGOu
Чарышкин Игорь Денисович,Рамиприл,1092-10-21,Chemical_41 Chemical_65 Chemical_60,Чарышкин_ИД,lzX0Nv2pmi
Желнеронов Георгий Тимофеевич,Аллопуринол,1955-12-21,Chemical_96 Chemical_44 Chemical_73,Желнеронов_ГТ,VVZPGtqY61
Тенлев Федор Игоревич,Омега-3 кислоты,1389-01-20,Chemical_60 Chemical_79 Chemical_80,Тенлев_ФИ,ob6xJJgQhR
Дохин Борис Антонович,Левотироксин,1765-05-21,Chemical_86 Chemical_69 Chemical_98,Дохин_БА,pGU6GRRkNV
Аляудинова Яна Аркадьевна,Дуодарт,0926-11-12,Chemical_81 Chemical_28 Chemical_46,Аляудинова_ЯА,Lo9BdaYqx9
Вотова Лариса Олеговна,Линезолид,1245-11-26,Chemical_82 Chemical_82 Chemical_78,Вотова_ЛО,lZJR94I43Q
Рыжекова Алиса Богдановна,Сетирозин,1531-11-26,Chemical_2 Chemical_6 Chemical_37,Рыжекова_АБ,Tbk93ih60q
Муренкаева Елизавета Аркадьевна,Омега-3 кислоты,0912-07-22,Chemical_81 Chemical_59 Chemical_73,Муренкаева_ЕА,ubmoQ2FEnJ
Мокрышева Зинаида Вадимовна,Бетаметазон,1935-10-15,Chemical_36 Chemical_91 Chemical_93,Мокрышева_ЗВ,LWmrIi6LAJ
Дащинский Ярослав Данилович,Мидокалм,1198-09-04,Chemical_66 Chemical_33 Chemical_93,Дащинский_ЯД,tP0Ood0MWc
Полванова Клавдия Олеговна,Спазмалгон,1544-04-05,Chemical_73 Chemical_90 Chemical_64,Полванова_КО,VXoE9sxfPW
Мираков Михаил Алексиевич,Росувастатин,1424-02-15,Chemical_45 Chemical_6 Chemical_78,Мираков_МА,5TEUMaEXSi
Коненкина Софья Леонидовна,Дектанол,1878-10-03,Chemical_24 Chemical_45 Chemical_72,Коненкина_СЛ,MfqsThfk8n
Лисанский Илья Максимович,Индометацин,1653-09-17,Chemical_42 Chemical_85 Chemical_96,Лисанский_ИМ,X2WOWdyS20
Домашников Яков Юрьевич,Ингавирин,1222-03-06,Chemical_52 Chemical_85 Chemical_87,Домашников_ЯЮ,zRoGkE0xjB
Трошнин Павел Денисович,Парацетамол,1410-10-14,Chemical_75 Chemical_4 Chemical_52,Трошнин_ПД,vhX8nbJPEl
Акимочкина Александра Аркадьевна,Ниссан,1755-10-23,Chemical_13 Chemical_37 Chemical_50,Акимочкина_АА,iynrmE5ofQ
Бушина Софья Олеговна,Глюкозамин,1262-08-12,Chemical_62 Chemical_31 Chemical_84,Бушина_СО,Bb7ard5sLX
Коптикова Раиса Вадимовна,Небиволол,1613-07-27,Chemical_54 Chemical_59 Chemical_29,Коптикова_РВ,NivRmJ02VK
Матюшова Надежда Василевна,Сульфасалазин,1362-08-01,Chemical_95 Chemical_17 Chemical_93,Матюшова_НВ,YzF6zIgZsG
Яйцев Григорий Петрович,Алпразолам,1829-04-02,Chemical_100 Chemical_29 Chemical_69,Яйцев_ГП,FPRdNH2Xvc
Пырькова Алина Викторовна,Вальтрекс,1704-12-07,Chemical_36 Chemical_68 Chemical_52,Пырькова_АВ,MnhnER5m3f
Епанчина Клавдия Борисовна,Кладрибин,1451-07-16,Chemical_28 Chemical_71 Chemical_67,Епанчина_КБ,7bwj0kexrK
Михеюшкин Яков Игоревич,Тикалиптин,0905-03-24,Chemical_72 Chemical_18 Chemical_7,Михеюшкин_ЯИ,pMUl5Nnq6u
Гнуздев Евгений Яковлевич,Золедроновая кислота,2002-09-15,Chemical_27 Chemical_15 Chemical_14,Гнуздев_ЕЯ,ppcLuyT94w
Мятченкова Евгения Сергеевна,Омепразол,1273-04-07,Chemical_23 Chemical_29 Chemical_48,Мятченкова_ЕС,K79wBXSZ7e
Оруджалиев Герасим Данилович,Рамиприл,0916-05-19,Chemical_33 Chemical_36 Chemical_98,Оруджалиев_ГД,cdcNFnn9WK
Зыбинов Борис Тимофеевич,Парацетамол,1184-05-26,Chemical_41 Chemical_15 Chemical_54,Зыбинов_БТ,0idSj15jKU
Лужинская Евгения Евгеньевна,Росувастатин,1217-08-04,Chemical_28 Chemical_3 Chemical_32,Лужинская_ЕЕ,0khNfDisSm
Типтева София Богдановна,Омепразол,1056-08-24,Chemical_28 Chemical_97 Chemical_54,Типтева_СБ,RBuY3Qvmfz
Маслеева Ольга Петровна,Пропанолол,1624-06-15,Chemical_63 Chemical_10 Chemical_59,Маслеева_ОП,PKGy69SRHl
Чумакаев Денис Юриевич,Сульфасалазин,1852-09-27,Chemical_75 Chemical_27 Chemical_11,Чумакаев_ДЮ,8kRcgU0I2w
Микрюков Аркадий Антонович,Урсофальк,1797-03-12,Chemical_92 Chemical_86 Chemical_95,Микрюков_АА,uf0eojDM7w
Пигунова Елизавета Федоровна,Триптаны,1546-12-10,Chemical_14 Chemical_68 Chemical_42,Пигунова_ЕФ,9Aqpr33E6u
Ящикова Елизавета Максимовна,Бензоилпероксид,1887-05-26,Chemical_5 Chemical_18 Chemical_3,Ящикова_ЕМ,qLko6oiLaf
Аиненков Роман Леонидович,Мелатонин,1625-10-28,Chemical_77 Chemical_76 Chemical_24,Аиненков_РЛ,7qbUkd3roM
Даданина Ксения Максимовна,Енап,0984-11-05,Chemical_4 Chemical_7 Chemical_89,Даданина_КМ,at0nU4k0My
Вазильева Марина Яковлевна,Валацикловир,1000-10-15,Chemical_31 Chemical_53 Chemical_1,Вазильева_МЯ,MK8D4aIGQh
Колокатов Владислав Вадимович,Лоразепам,1731-01-12,Chemical_63 Chemical_47 Chemical_21,Колокатов_ВВ,xUKzkslL0O
Мадаминова Валерия Валерьевна,Транексамовая кислота,1219-09-11,Chemical_8 Chemical_80 Chemical_62,Мадаминова_ВВ,sDpIa6JAT4
Ловгинская Оксана Богдановна,Итрафунгол,1517-02-21,Chemical_94 Chemical_29 Chemical_18,Ловгинская_ОБ,ReKy2qMmDo
Копнин Роман Юрьевич,Протоник,1148-05-10,Chemical_30 Chemical_53 Chemical_37,Копнин_РЮ,XIwiXzktj1
Бызин Александр Олегович,Тикалиптин,0953-10-01,Chemical_93 Chemical_26 Chemical_28,Бызин_АО,S0yHqV6r36
Валяскина Раиса Леонидовна,Агонал,1355-01-24,Chemical_67 Chemical_61 Chemical_3,Валяскина_РЛ,QtfAiI4tO4
Щекина Евгения Федоровна,Азитромицин,1555-01-19,Chemical_76 Chemical_69 Chemical_76,Щекина_ЕФ,rxVi6EWMla
Лучшев Федор Алексеевич,Омега-3 кислоты,1231-01-14,Chemical_58 Chemical_87 Chemical_97,Лучшев_ФА,lIHPbRkcq5
Хубежев Никита Борисович,Небиволол,1175-06-13,Chemical_16 Chemical_71 Chemical_7,Хубежев_НБ,hDPOX6eAL1
Агакишиев Степан Алексеевич,Мифепристон,1911-06-06,Chemical_54 Chemical_89 Chemical_44,Агакишиев_СА,xNxfGq7f3O
Сгонников Михаил Кириллович,Ингавирин,1463-01-04,Chemical_67 Chemical_21 Chemical_35,Сгонников_МК,EZA6Ky6cnA
Гермоченов Аркадий Леонидович,Кетопрофен,1948-11-11,Chemical_74 Chemical_47 Chemical_87,Гермоченов_АЛ,M8q8RG7kzH
Анисинкова Катерина Аркадьевна,Золаир,1414-12-11,Chemical_95 Chemical_7 Chemical_50,Анисинкова_КА,IWrNGlT82v
Тормасова Клавдия Дмитриевна,Омепразол,1559-05-19,Chemical_43 Chemical_18 Chemical_54,Тормасова_КД,RSymmY1lVL
Беклев Семён Яковлевич,Золедроновая кислота,1022-11-17,Chemical_54 Chemical_97 Chemical_80,Беклев_СЯ,Fe1hfyiRst
Лузинов Вадим Михаилович,Дектанол,1537-12-04,Chemical_16 Chemical_83 Chemical_46,Лузинов_ВМ,lZFLzHAiD0
Мизельков Дмитрий Викторович,Виагра,1414-09-17,Chemical_29 Chemical_76 Chemical_67,Мизельков_ДВ,RbRihfz4XE
Роговский Вадим Алексиевич,Иммунивит,1813-09-12,Chemical_99 Chemical_11 Chemical_30,Роговский_ВА,36hnOsIz3E
Затолопин Семён Олегович,Жасмин,1988-08-23,Chemical_86 Chemical_34 Chemical_26,Затолопин_СО,mtwurA7vUf
Кущенкова Алиса Михайловна,Бисопролол,1176-03-21,Chemical_77 Chemical_92 Chemical_31,Кущенкова_АМ,igqVFYR3ky
Хвощинская Катерина Федоровна,Золаир,0984-06-19,Chemical_8 Chemical_80 Chemical_30,Хвощинская_КФ,7vMGL6N37D
Шадыкина Кристина Яковлевна,Габапентин,1115-03-22,Chemical_18 Chemical_15 Chemical_92,Шадыкина_КЯ,Z1sqkeXPIB
Полхова Лариса Богдановна,Диклофенак,1391-04-27,Chemical_99 Chemical_70 Chemical_85,Полхова_ЛБ,Yk9TbOJJXM
Капланская Кристина Дмитриевна,Золекс,1616-09-13,Chemical_79 Chemical_52 Chemical_79,Капланская_КД,06Ht0DKjfK
Чушева Лиза Кирилловна,Кетопрофен,1839-02-24,Chemical_6 Chemical_55 Chemical_56,Чушева_ЛК,GhNTPYl8TZ
Ахмярова Вероника Михайловна,Виагра,1363-05-21,Chemical_26 Chemical_28 Chemical_42,Ахмярова_ВМ,zNOy5W2rR5
Ксынкин Кирилл Олегович,Евалар солгар мультивитамини,1915-03-18,Chemical_16 Chemical_27 Chemical_70,Ксынкин_КО,7Oh5agY9yb
Лантюгов Анатолий Адамович,Левофлоксацин,1760-06-01,Chemical_21 Chemical_72 Chemical_4,Лантюгов_АА,aBqH3VQfiK
Бложкина Анна Ивановна,Норматен,1557-07-05,Chemical_51 Chemical_67 Chemical_53,Бложкина_АИ,gGgYycx4ve
Гейдаров Артур Викторович,Бензоилпероксид,1251-01-09,Chemical_71 Chemical_94 Chemical_67,Гейдаров_АВ,JzVhHf6Ikq
Челинцев Александр Максимович,Алпразолам,1971-11-07,Chemical_52 Chemical_53 Chemical_81,Челинцев_АМ,pmrBG5nL5m
Горшенин Анатолий Фёдорович,Нимесулид,1976-01-19,Chemical_7 Chemical_38 Chemical_13,Горшенин_АФ,wQlKzyJ59h
Гомбожапов Андрей Юриевич,Пентоксифиллин,1060-03-13,Chemical_82 Chemical_78 Chemical_67,Гомбожапов_АЮ,9wKIyB3ie2
Беларова Вероника Михайловна,Бензоилпероксид,0979-04-08,Chemical_86 Chemical_62 Chemical_41,Беларова_ВМ,G4r2SPnocd
Шестимиров Михаил Фёдорович,Железа препараты,1887-03-13,Chemical_87 Chemical_67 Chemical_20,Шестимиров_МФ,pRFpGc2Qum
Масульская Инна Максимовна,Оланзапин,1286-04-02,Chemical_18 Chemical_9 Chemical_77,Масульская_ИМ,0uHqs74Kbh
Сергушова Ева Викторовна,Железа препараты,1858-03-15,Chemical_30 Chemical_69 Chemical_24,Сергушова_ЕВ,NtnCtUkb4n
Свецкая Наталья Ивановна,Диклофенак,1296-10-17,Chemical_63 Chemical_31 Chemical_40,Свецкая_НИ,MJDGug7woQ
Пудинова Мария Андреевна,Сетирозин,0961-06-17,Chemical_26 Chemical_95 Chemical_60,Пудинова_МА,0zLPL8Iopu
Тихнова Ольга Богдановна,Глюкозамин,1124-07-15,Chemical_86 Chemical_62 Chemical_81,Тихнова_ОБ,DPnEJ5Ol1M
Кофтерова Алёна Никитична,Левотироксин,1268-01-22,Chemical_99 Chemical_59 Chemical_84,Кофтерова_АН,56v2H3Nnf8
Модоров Яков Фёдорович,Агонал,1157-01-26,Chemical_43 Chemical_32 Chemical_25,Модоров_ЯФ,knlO8uG0Xc
